Edad,Experiencia_Anios,Horas_Entrenamiento_Semanal,Popularidad,Rol
56,29,25.21304418,3.280962413,Acrobata
46,4,17.40073304,63.60424688,Mago
32,12,11.75458833,36.43542384,Trapecista
25,2,25.22867566,29.52418025,Contorsionista
38,27,20.84562025,87.94965707,Mago
56,31,21.25785542,46.00023956,Contorsionista
36,36,24.04769636,9.505304553,Domador de leones
40,36,13.45011421,82.6746768,Mago
28,26,11.84249589,4.764125744,Titiritero
28,27,27.90477147,72.67492242,Acrobata
41,5,12.8141662,77.39062218,Domador de leones
53,20,13.88881101,35.26026059,Titiritero
57,11,14.8878231,82.47878563,Presentador
41,10,30.39972962,51.56594059,Trapecista
20,38,22.4669165,46.32936533,Trapecista
39,6,24.82703987,4.540328147,Equilibrista
19,8,20.98083773,29.00291936,Equilibrista
41,23,16.99056394,93.10099709,Mago
47,26,23.15645642,39.18239633,Trapecista
55,12,12.21692015,54.67005206,Mago
19,26,14.52358274,53.2021679,Equilibrista
38,13,23.6648759,59.04310898,Presentador
50,18,13.21372385,6.133095564,Contorsionista
29,25,19.05459265,36.21762548,Titiritero
39,33,19.28243828,72.31282739,Malabarista
42,12,17.35668998,20.05602511,Mago
44,36,10.24440763,20.35783775,Presentador
59,4,16.85535554,1.009060669,Titiritero
45,5,15.87515812,43.74819266,Trapecista
33,37,20.80719932,88.27343807,Contorsionista
32,8,20.55245269,5.190094359,Titiritero
20,28,21.8898073,19.11187095,Acrobata
54,31,16.62006864,31.00845383,Equilibrista
24,9,22.61388975,73.17247366,Titiritero
38,29,12.21996634,64.06355928,Malabarista
26,14,10.89047634,41.59439046,Presentador
56,22,8.322136379,75.90689393,Contorsionista
35,11,17.5035138,60.96310117,Domador de leones
21,23,16.23350888,89.60407997,Titiritero
42,1,23.94657806,81.80267491,Payaso
31,37,16.75668706,25.28136061,Malabarista
26,21,21.36688174,27.14385776,Malabarista
43,26,24.06648288,12.53564758,Payaso
19,36,16.56840462,33.69647257,Acrobata
37,23,21.49026105,99.95439187,Domador de leones
45,1,25.00963774,40.57511686,Equilibrista
24,15,13.80918613,22.04884347,Presentador
25,21,20.12426169,76.24828845,Contorsionista
52,9,16.58982808,54.24710035,Presentador
31,9,14.12755059,14.96014495,Domador de leones
34,10,12.3177413,38.06896812,Presentador
53,26,14.04675714,41.44697155,Payaso
57,35,20.30014503,75.38297006,Malabarista
21,25,11.94577772,2.067136889,Presentador
19,26,17.24636488,26.90196468,Mago
23,11,24.06597203,51.75963013,Titiritero
59,38,22.24505482,26.88467425,Domador de leones
21,2,17.34746189,62.84340474,Acrobata
46,7,28.44845207,48.18674793,Mago
35,18,29.46518207,36.17102549,Payaso
43,27,20.13061216,94.92086269,Trapecista
51,34,7.657285421,63.21594992,Payaso
27,27,24.43224099,12.99413723,Acrobata
53,17,8.5301183,56.00916974,Acrobata
31,24,27.38073055,78.07318532,Mago
48,25,25.4179245,70.84896975,Titiritero
32,7,28.87106252,17.20892293,Domador de leones
25,6,21.30132779,97.2419999,Equilibrista
31,24,18.19307116,44.88136457,Malabarista
40,33,17.74949433,15.90250037,Mago
57,29,17.26869914,18.01957541,Acrobata
38,22,24.90534327,9.823499219,Trapecista
33,26,23.56135745,80.35181084,Contorsionista
35,28,20.60112817,12.20304943,Acrobata
41,21,16.38909346,12.51252571,Titiritero
43,7,33.14606316,85.04716148,Titiritero
42,17,24.56187307,34.46040844,Acrobata
58,20,12.0114404,3.085790431,Titiritero
46,20,17.41871992,5.189529952,Mago
32,22,24.65888049,14.21704467,Acrobata
18,28,16.00230539,21.3393348,Acrobata
42,7,21.75773979,66.51461942,Domador de leones
24,1,24.7539815,15.732628,Malabarista
26,32,5,11.88743912,Trapecista
41,13,19.4598115,76.47191415,Titiritero
18,30,19.65604577,67.10552839,Domador de leones
25,23,17.93963772,43.53242215,Equilibrista
41,19,21.50847567,54.93097715,Equilibrista
28,32,23.28759804,31.19840203,Presentador
34,30,20.71025472,48.25004202,Mago
25,29,18.13086303,50.6672649,Mago
52,29,23.1631065,38.72372712,Payaso
52,30,20.24526705,90.65722107,Trapecista
50,16,18.84649793,1.606186498,Acrobata
22,19,13.43860307,78.21712631,Titiritero
59,18,12.18672607,12.43828312,Trapecista
56,1,13.34385104,79.75473605,Presentador
58,14,21.39164531,61.59119157,Payaso
45,2,19.60460626,84.32780909,Domador de leones
24,28,12.59857951,9.751432564,Trapecista
26,30,23.22958913,55.89806341,Domador de leones
25,38,26.87154757,50.10878803,Equilibrista
29,4,17.00753192,70.6193183,Titiritero
51,1,11.29509071,53.42905519,Presentador
50,8,16.45436808,54.07345671,Acrobata
40,29,24.27230313,42.95959436,Titiritero
41,39,22.74264929,30.8834424,Malabarista
54,3,15.38783657,48.22643613,Mago
52,32,27.60586069,11.84923588,Presentador
57,10,26.74140033,96.1513339,Trapecista
39,10,16.33496968,71.44107636,Titiritero
44,19,16.28354999,95.24671167,Contorsionista
52,34,17.03586031,22.67273823,Mago
18,33,17.46333612,87.93410202,Mago
52,23,24.75269004,80.87899846,Contorsionista
54,28,22.1266453,67.71524125,Payaso
31,32,24.38539385,62.50291861,Payaso
20,7,23.36782572,31.65496653,Contorsionista
18,29,28.57263534,81.6410785,Malabarista
22,8,14.70307228,50.15154615,Equilibrista
43,1,21.90179265,7.089157589,Contorsionista
31,3,9.130893719,31.28631609,Equilibrista
56,24,13.41522213,93.52970985,Titiritero
44,23,19.62573307,85.06802606,Malabarista
26,8,22.09103306,98.19056981,Presentador
32,37,19.49092129,62.79933826,Equilibrista
32,3,17.16403791,24.75100731,Mago
43,33,18.05291061,16.28150497,Titiritero
59,28,26.84720488,18.69144406,Mago
30,8,18.07983911,1.979565835,Malabarista
49,34,28.74620811,39.0682111,Equilibrista
56,35,23.97008537,19.14276805,Domador de leones
49,32,22.28768673,41.16554605,Malabarista
21,24,14.03201545,93.49944318,Malabarista
47,14,24.67619081,43.05402095,Domador de leones
54,32,17.53114711,87.7984497,Titiritero
40,16,14.02780121,60.55047666,Equilibrista
56,4,22.56421807,24.71315547,Equilibrista
32,37,13.0602697,35.58547593,Mago
46,21,16.18879269,8.391953582,Malabarista
53,14,19.94942044,33.34625936,Malabarista
30,31,31.09210712,67.75409455,Acrobata
49,18,16.56542122,7.211109293,Presentador
24,7,17.7089174,20.54014085,Malabarista
39,10,23.66172527,38.14410414,Trapecista
45,7,13.80852156,98.2049537,Presentador
19,33,22.21403191,78.4861823,Trapecista
59,23,26.02963404,73.34867465,Equilibrista
23,21,18.46452558,11.61909565,Presentador
45,19,25.13077141,78.09958936,Malabarista
45,19,21.45724962,78.52688115,Domador de leones
37,36,16.34659018,60.11026956,Mago
47,29,19.01097657,99.0361782,Trapecista
28,18,18.1012133,32.52539059,Presentador
45,2,19.56180871,94.12724482,Malabarista
42,1,20.7635895,91.4731115,Presentador
56,5,22.94099967,1.148065975,Malabarista
50,20,22.54334125,45.01165265,Malabarista
18,11,7.841432144,97.71042331,Malabarista
44,2,19.51345906,10.31213624,Acrobata
30,3,12.45289043,54.77846944,Mago
58,23,18.62136374,97.8957507,Domador de leones
20,12,19.38105206,55.54954241,Domador de leones
56,20,24.88074179,18.9815303,Presentador
23,5,19.84942266,58.21832301,Presentador
25,37,21.29609009,20.44405739,Malabarista
44,38,23.9652819,51.97042629,Acrobata
26,30,26.1387613,7.404221791,Malabarista
54,9,19.38493038,60.54826692,Acrobata
50,34,20.47089721,51.67899391,Malabarista
59,35,20.05011651,74.01613688,Trapecista
41,22,17.28700518,63.07004712,Trapecista
32,24,16.15442388,54.96062685,Equilibrista
49,17,8.640570418,68.97788492,Malabarista
49,10,14.61669533,14.39419136,Mago
41,30,11.10684583,59.53596613,Equilibrista
58,23,26.27599242,17.21106028,Presentador
29,32,20.94208004,92.55222079,Titiritero
56,17,19.37030514,6.833410485,Malabarista
19,17,16.41257407,43.03747497,Trapecista
20,14,20.14889632,69.57974777,Titiritero
54,9,15.76010061,45.80222117,Acrobata
34,2,20.87009278,9.209525323,Titiritero
19,25,21.22866991,55.33790161,Mago
19,39,15.69308149,64.16319088,Malabarista
45,9,15.59769018,70.3792311,Domador de leones
40,22,24.81099677,37.32598145,Titiritero
54,4,19.73570023,56.3659971,Domador de leones
49,26,16.09489785,45.06864749,Acrobata
50,29,18.14746849,67.20560388,Equilibrista
18,34,14.94702957,58.35569673,Domador de leones
36,23,19.6640821,52.57562196,Equilibrista
19,37,24.15814154,24.95243668,Trapecista
43,11,19.86164666,0.201851775,Malabarista
49,6,31.81816722,17.40816753,Titiritero
23,18,22.10679784,11.70660414,Trapecista
49,21,21.14977224,44.9084745,Trapecista
21,36,15.45848935,61.22581508,Contorsionista
28,38,18.80733277,21.30850087,Payaso
34,34,16.10493078,93.9057096,Mago
55,17,9.171773858,0.668212922,Equilibrista
41,37,24.87131111,77.23010152,Contorsionista
22,25,17.44274722,62.52047695,Payaso
51,38,16.19799963,37.3554801,Mago
23,12,21.05285017,5.048894441,Equilibrista
39,23,22.56249776,62.74865718,Malabarista
28,22,18.39612584,38.56135129,Mago
33,21,19.98699166,93.62671394,Titiritero
50,27,23.73093704,54.19900749,Trapecista
26,31,18.19903203,93.96515113,Payaso
23,6,21.51166871,22.04836935,Payaso
33,27,11.70377691,72.57259104,Payaso
46,34,13.79340501,61.72490208,Equilibrista
20,12,23.02769889,73.94082298,Titiritero
37,7,13.5322068,21.4667864,Mago
53,10,21.17068774,66.49945162,Trapecista
36,17,19.26500609,49.80403931,Titiritero
43,26,18.17766369,74.28249749,Contorsionista
20,21,15.85768616,32.70446442,Malabarista
36,28,24.54670009,89.00570255,Domador de leones
37,2,28.64945577,8.430131461,Titiritero
49,1,21.50096081,80.71893188,Contorsionista
24,36,21.61245358,86.13196258,Trapecista
58,26,16.58834685,81.72523114,Domador de leones
50,29,14.01951384,51.27263943,Domador de leones
57,21,19.80130548,43.838498,Titiritero
56,11,15.13125176,99.62622865,Payaso
35,11,11.13694936,22.91719512,Presentador
57,36,24.01722906,54.68759659,Trapecista
18,39,24.26083394,67.06755254,Payaso
28,35,15.70580614,70.08676359,Trapecista
45,34,21.21982161,20.40246657,Presentador
42,24,25.00976134,65.39940923,Malabarista
40,22,21.02513344,81.83695665,Presentador
48,5,14.03422677,5.001857682,Acrobata
47,33,18.83553293,91.15212933,Titiritero
59,36,26.6340471,2.950405515,Titiritero
52,20,21.23513322,35.59710325,Contorsionista
24,19,22.69566052,1.581319623,Payaso
33,35,21.7081461,7.714516854,Contorsionista
43,17,15.72244321,91.11682852,Acrobata
19,34,16.8957739,35.48608307,Presentador
18,9,21.69432579,42.47715304,Titiritero
29,26,24.0843589,21.53443814,Equilibrista
22,2,25.49952475,59.70957702,Presentador
54,9,15.70947228,59.48032147,Presentador
49,9,22.16560267,37.22003918,Acrobata
26,17,25.93522056,33.30348718,Malabarista
58,1,15.06459115,88.49643082,Trapecista
52,25,27.43373568,38.32842396,Acrobata
36,25,28.19470414,49.35009922,Trapecista
33,39,33.1254317,28.33047624,Titiritero
20,35,21.1546672,78.67695034,Acrobata
37,3,21.18212338,39.74481569,Trapecista
41,37,24.13497195,51.36110465,Contorsionista
50,30,23.98901337,25.33571701,Acrobata
41,38,25.6318343,98.76595923,Titiritero
28,34,23.9201659,29.14957409,Acrobata
25,12,19.46969045,77.07425309,Titiritero
53,19,26.1099856,42.74956504,Acrobata
55,37,14.64372925,20.62174051,Trapecista
57,17,20.02926168,79.9718764,Malabarista
37,10,27.81867808,33.3606789,Mago
52,12,13.74876751,86.51933474,Trapecista
42,16,16.61262172,91.52571849,Payaso
52,24,23.35873646,85.98238354,Domador de leones
42,19,21.96955987,3.500791481,Malabarista
46,8,15.62487296,78.7373345,Contorsionista
35,31,17.91902999,41.13394665,Presentador
35,21,14.09608969,87.37229202,Trapecista
19,17,24.902425,63.79542627,Acrobata
52,23,18.72059321,83.36431341,Trapecista
33,37,28.96077955,49.94317699,Equilibrista
58,16,20.40550122,53.50255046,Malabarista
53,6,18.90129848,14.43876321,Mago
50,8,18.41589119,78.39873587,Contorsionista
21,25,18.77900082,41.93896117,Equilibrista
50,18,20.55410548,50.00801183,Titiritero
31,25,32.56203788,78.50977141,Equilibrista
38,12,18.30570165,59.88454001,Trapecista
37,15,18.4682327,20.10987274,Contorsionista
25,26,20.32796923,59.02326592,Trapecista
24,26,25.45137253,40.7632858,Titiritero
20,32,12.89507719,46.9525542,Presentador
34,10,22.27546368,2.83112744,Contorsionista
50,16,15.91287412,21.00293495,Presentador
29,7,22.76636344,28.10380814,Malabarista
39,17,17.53120029,71.29600079,Malabarista
39,23,8.479488301,1.14924733,Presentador
47,26,21.84788801,40.87772612,Malabarista
55,21,21.80572385,92.40268704,Contorsionista
55,22,17.10459846,11.18806165,Acrobata
25,7,16.8082807,51.64243882,Payaso
44,14,13.44313637,78.65223824,Malabarista
44,15,23.86549971,94.25313075,Malabarista
51,7,24.41107891,74.67766395,Trapecista
38,9,15.60474557,72.05655486,Presentador
47,8,17.3003277,82.64880902,Domador de leones
50,23,19.68355439,44.6201221,Mago
45,29,31.35432641,80.58445326,Equilibrista
50,18,22.72560874,0.796440475,Malabarista
22,31,15.28292242,92.45610554,Equilibrista
36,30,21.51890155,44.33065095,Contorsionista
21,39,13.1165423,55.33801879,Domador de leones
52,35,23.58995155,25.48822489,Mago
34,18,28.37773697,74.25308328,Presentador
45,39,28.39895843,7.663580648,Payaso
47,17,23.67446752,87.26358025,Mago
46,14,17.08293822,82.8116829,Mago
23,31,13.49549122,21.60601162,Payaso
52,24,12.99897478,80.93243983,Acrobata
58,35,5.968914453,78.63577331,Presentador
54,34,23.46927882,63.22165978,Trapecista
41,3,19.4858224,37.35201769,Equilibrista
46,37,24.54608083,27.14987542,Malabarista
48,26,27.14015743,23.17835903,Mago
52,23,20.49952772,31.86089628,Contorsionista
50,39,20.72980805,90.35584434,Payaso
38,15,17.67839828,7.764077599,Equilibrista
49,4,18.26957791,82.88712763,Domador de leones
40,29,23.64234956,34.8890075,Payaso
50,22,19.12812485,52.1599396,Domador de leones
20,25,18.40496167,79.44856336,Presentador
35,13,19.9084157,88.4376547,Mago
42,18,24.43165098,34.47814201,Contorsionista
59,33,16.53669221,46.18434813,Malabarista
48,16,19.66735741,41.45160648,Domador de leones
20,2,21.22638919,1.32510335,Equilibrista
57,35,25.80110952,29.59428889,Acrobata
41,34,18.80351612,45.91892337,Presentador
49,30,16.41088307,41.10936089,Acrobata
39,13,17.57819528,72.19292275,Presentador
40,13,25.26528717,38.48036172,Trapecista
19,18,30.16652649,48.9376449,Equilibrista
44,32,13.43121093,42.96085921,Acrobata
59,32,14.52349192,74.06261489,Contorsionista
19,35,19.15601607,86.2972399,Mago
43,39,20.55478048,53.1889079,Payaso
34,29,23.93484783,78.94321942,Malabarista
57,29,15.54433496,29.6786682,Mago
50,16,14.68445482,54.13696102,Mago
26,10,20.69043577,34.52299537,Presentador
56,30,18.7079964,41.42009256,Contorsionista
46,25,24.63360499,73.24138648,Presentador
59,39,22.43679902,88.16624823,Titiritero
43,20,22.77689674,12.14953911,Domador de leones
52,5,19.47759327,63.46392565,Malabarista
42,1,31.77790129,58.21438076,Domador de leones
41,30,15.81126009,11.84150392,Payaso
30,3,23.05404917,21.18943304,Titiritero
24,14,13.65155006,31.10024947,Equilibrista
53,30,14.63266161,16.69310708,Payaso
37,4,16.96327201,24.37294825,Payaso
18,18,28.14661668,26.76007989,Trapecista
25,37,21.31947215,33.5673833,Malabarista
33,25,17.04760966,74.93904528,Presentador
31,1,21.87218163,57.19122039,Contorsionista
29,15,20.17573941,98.6246672,Domador de leones
40,9,17.54013315,41.4735827,Payaso
32,15,13.01685572,75.38650738,Domador de leones
45,24,27.19271242,87.14684214,Domador de leones
51,4,21.04909064,67.8978493,Equilibrista
19,12,30.86869187,41.18647404,Malabarista
49,37,24.7016081,75.35946307,Malabarista
40,37,22.75659862,20.36671378,Acrobata
39,6,17.82397836,32.75521652,Mago
42,39,14.52327218,54.66852551,Malabarista
39,24,18.91134508,57.54093873,Domador de leones
39,11,14.37853703,2.214147547,Presentador
59,13,23.2509519,94.51141888,Domador de leones
23,34,28.16326249,69.66272712,Presentador
32,25,18.69543867,49.57037502,Acrobata
54,7,24.72245486,93.31272344,Presentador
50,4,16.55385465,43.90955653,Malabarista
25,8,18.48766581,98.04355703,Equilibrista
22,20,15.92518008,51.22847572,Presentador
56,29,9.334334825,11.428577,Domador de leones
21,10,19.81733325,76.48009725,Contorsionista
23,34,20.64225869,67.88977251,Malabarista
49,26,25.32930499,77.29867213,Contorsionista
47,3,23.97719126,95.14420287,Titiritero
52,6,24.0447645,77.64893027,Titiritero
57,5,15.12981888,61.13366022,Domador de leones
33,5,22.29748653,85.73089024,Titiritero
30,23,27.91296983,67.32464394,Mago
59,9,21.89933925,40.81190568,Acrobata
47,35,29.14296807,88.56197642,Malabarista
36,20,30.09483056,22.19004608,Contorsionista
34,35,18.65765865,71.46412749,Domador de leones
36,18,16.51530127,88.15634549,Mago
45,17,16.19268917,73.13165197,Domador de leones
43,24,12.4193209,69.72754191,Mago
54,3,17.4079855,75.26382941,Titiritero
43,32,26.03832725,46.50552483,Titiritero
40,35,8.979812124,87.41706822,Presentador
26,38,14.812733,20.34364751,Trapecista
29,13,19.36434279,12.7386416,Domador de leones
18,25,15.614074,28.55087801,Presentador
18,9,17.36357028,53.15773968,Malabarista
51,4,17.43835163,51.05617954,Presentador
49,14,18.7122989,82.05987577,Payaso
42,37,16.35272652,40.45686564,Titiritero
57,34,15.94393393,48.43444263,Payaso
18,11,24.67154873,1.336768326,Domador de leones
33,3,25.24827089,40.97392364,Contorsionista
56,28,13.09728327,64.7774233,Contorsionista
22,29,6.202013004,1.550833063,Malabarista
39,9,25.31687425,28.08819652,Presentador
46,3,13.85599791,20.79563593,Contorsionista
20,25,21.06372419,4.198542891,Mago
29,34,12.17164063,47.92600899,Mago
43,12,26.48877493,18.17232932,Malabarista
33,9,32.71833948,74.30815396,Acrobata
54,15,20.91403455,84.79278838,Titiritero
39,25,19.52948676,54.55851827,Presentador
46,5,18.38930212,98.17073425,Domador de leones
31,11,23.90899656,45.04785715,Equilibrista
45,34,22.83843375,51.33682102,Equilibrista
22,24,25.01749227,98.9217754,Equilibrista
47,15,16.86041739,23.1548436,Contorsionista
22,38,21.70058853,94.25459397,Acrobata
29,8,17.28765967,4.283755512,Acrobata
33,5,14.71142176,44.63868903,Presentador
43,26,19.79492289,7.000351213,Presentador
43,18,15.38743635,72.92347429,Acrobata
38,6,25.86863499,60.84089359,Malabarista
56,37,15.69039811,70.66342635,Presentador
53,13,21.8177297,37.44804,Malabarista
50,28,16.98288851,36.9481934,Payaso
47,5,21.38531375,4.531927896,Mago
54,13,17.38001713,34.99449395,Titiritero
40,17,13.71394363,92.92884023,Presentador
27,32,22.4188637,37.92265372,Acrobata
22,29,18.82292189,83.13677062,Mago
53,3,21.4299247,84.23255047,Mago
51,34,17.85578532,37.32411564,Trapecista
48,27,13.36031743,63.19886804,Acrobata
27,13,25.41589299,9.537160227,Titiritero
36,33,23.68378878,10.36785807,Acrobata
49,6,17.16519512,4.865766366,Presentador
18,24,20.34889607,58.10150934,Domador de leones
22,19,25.21009742,42.60709776,Payaso
21,16,17.71480832,54.80323567,Malabarista
33,28,18.49057747,52.10731905,Domador de leones
41,33,21.2181625,35.02029911,Payaso
33,13,17.70454468,67.74734148,Domador de leones
19,25,24.28545998,75.85018809,Malabarista
45,36,19.1554961,1.462825888,Contorsionista
49,27,16.07982063,20.72422998,Acrobata
44,38,23.04319415,71.32358681,Domador de leones
37,7,14.28934675,38.66201726,Presentador
41,5,30.07439281,66.24839469,Titiritero
29,31,27.91248182,34.69626597,Equilibrista
52,23,22.56747738,39.07551523,Presentador
50,10,22.14665511,15.86788737,Malabarista
50,32,21.91220709,25.82310197,Titiritero
54,30,17.55452607,60.54117575,Presentador
29,39,21.48654823,43.31631113,Mago
20,31,15.38433695,77.43026829,Acrobata
18,18,22.51909209,85.25849549,Titiritero
50,36,24.33923472,54.16464182,Mago
57,2,18.1095695,75.82672921,Presentador
27,14,17.02449103,30.69045132,Payaso
46,13,13.93761488,41.49712154,Trapecista
30,29,27.28977617,71.27776762,Payaso
29,12,17.42167983,38.62119928,Acrobata
48,39,19.00630482,58.85049352,Titiritero
19,2,21.50077792,18.53727791,Titiritero
52,32,21.41103821,59.9771315,Acrobata
40,13,23.73280048,86.15137072,Mago
34,27,18.1033504,86.86396398,Trapecista
43,17,14.30666031,72.43444063,Presentador
25,31,13.43167346,74.57533791,Malabarista
46,34,17.10372384,55.79274452,Payaso
43,24,15.24074763,58.46680902,Payaso
27,35,18.48191647,13.36505814,Equilibrista
43,6,26.53789405,44.38591884,Trapecista
51,19,18.11360897,45.07762839,Malabarista
58,30,18.11174569,95.84978357,Payaso
24,7,19.91800612,43.10868626,Malabarista
21,10,17.97187504,54.93426449,Presentador
28,32,19.66304382,53.32513993,Titiritero
46,34,22.70434611,63.6761717,Malabarista
53,28,24.42375527,74.82328313,Payaso
42,15,25.016066,22.50418762,Mago
38,30,30.2842611,52.87244191,Trapecista
53,37,22.84679723,82.59177073,Acrobata
27,29,31.17239451,46.31147138,Domador de leones
54,22,16.11759096,27.84575464,Contorsionista
26,4,30.45642451,65.47090754,Contorsionista
41,20,18.09811973,82.37673958,Domador de leones
52,32,18.58990535,6.314029293,Malabarista
52,36,19.40063726,77.67904834,Trapecista
53,4,18.90689644,82.1647933,Malabarista
35,27,20.42920198,46.15229276,Acrobata
56,17,17.09985999,98.33056568,Trapecista
49,12,24.14981087,78.67083407,Domador de leones
41,22,17.23582483,77.36625649,Malabarista
40,17,23.27805199,74.78385744,Equilibrista
49,10,27.6386181,15.06081032,Payaso
54,1,18.21448815,21.72308865,Mago
29,22,23.97191709,46.39901315,Titiritero
30,26,22.79579644,26.400435,Mago
40,18,31.26443441,41.52409723,Acrobata
42,14,17.47584718,88.84641099,Malabarista
52,29,23.97535808,82.43268919,Presentador
58,12,11.86994454,63.00398785,Trapecista
47,36,17.52070795,85.81203943,Malabarista
34,35,21.76696419,78.3772389,Trapecista
37,12,26.96579985,42.89849318,Titiritero
42,7,13.87033318,20.1065152,Equilibrista
39,29,23.9304532,51.420104,Mago
30,11,19.68388272,73.62288825,Payaso
36,33,12.39236173,43.64195987,Titiritero
53,6,20.90793423,66.67719098,Titiritero
29,15,28.54580616,9.432742629,Mago
58,32,14.3978867,74.80047364,Titiritero
36,11,19.45031142,81.27136199,Presentador
29,23,15.06680508,70.68378558,Presentador
26,26,17.65708534,96.72635875,Contorsionista
24,34,27.16085072,82.66520575,Contorsionista
45,34,18.64237762,90.30937279,Presentador
31,29,27.00782869,93.35710835,Domador de leones
48,4,25.54527024,80.13479919,Equilibrista
36,17,18.18631043,67.4258842,Trapecista
33,35,17.4870027,0.571858136,Equilibrista
22,13,15.52000597,46.58257532,Acrobata
52,39,15.34559403,57.11622986,Titiritero
29,15,21.76603697,30.40302724,Payaso
42,29,19.90107342,31.81044469,Titiritero
38,29,16.88197283,96.11594157,Equilibrista
53,11,12.25618539,89.17108652,Presentador
40,32,20.53089384,84.91790055,Mago
33,2,17.6522391,40.60118017,Acrobata
56,14,19.02351152,1.369855041,Presentador
59,20,21.52330914,8.022224646,Equilibrista
56,22,7.490985693,31.21963682,Mago
31,11,12.33362698,1.5742913,Payaso
48,27,31.48221538,1.714978192,Equilibrista
22,3,17.46694747,91.66033016,Trapecista
52,17,7.412834488,70.61585021,Malabarista
40,28,12.7502991,30.89559901,Mago
46,29,32.42233684,13.26445776,Equilibrista
28,21,16.4850127,51.16357179,Presentador
35,16,25.79507622,0.534616085,Trapecista
29,37,20.60558999,93.84137439,Domador de leones
26,20,17.57516481,41.48151194,Mago
27,6,23.87722735,40.23349552,Trapecista
34,19,8.078216623,39.05936076,Presentador
55,5,12.7943369,6.932833039,Equilibrista
24,3,17.53824494,63.83222398,Titiritero
30,1,13.28547801,73.30036196,Payaso
57,38,17.09611106,67.61253976,Titiritero
59,15,24.26856523,13.84354933,Malabarista
26,34,20.66068361,57.8840168,Trapecista
44,35,26.65308518,56.94844842,Malabarista
19,25,20.97687642,86.84107879,Payaso
22,24,24.96230416,37.91276584,Trapecista
46,12,19.6796485,37.14859437,Contorsionista
54,18,17.04862258,61.85270587,Presentador
55,15,27.40284028,63.30726535,Trapecista
36,16,16.45324856,46.92852273,Presentador
25,27,21.71922412,44.30593623,Titiritero
18,8,23.84448682,49.41476706,Acrobata
39,25,24.20746352,86.10452995,Mago
34,17,14.17278665,46.11669013,Acrobata
24,29,25.25975203,93.9931792,Equilibrista
42,8,15.10522377,50.40037636,Mago
21,15,24.05351828,94.92006932,Mago
53,27,22.67586736,83.28319019,Domador de leones
23,7,24.09315331,36.24313226,Mago
48,3,13.97498239,86.36414213,Payaso
36,29,22.93964871,11.00632842,Acrobata
56,24,25.42796838,92.50471753,Titiritero
44,3,20.96697892,63.16435151,Presentador
27,20,15.9069166,5.439074852,Equilibrista
43,15,24.59873807,64.42567237,Mago
36,25,20.56959814,97.42476541,Equilibrista
56,30,11.62777868,6.980065461,Titiritero
20,14,15.51905269,55.46877098,Equilibrista
30,7,17.36852734,74.77943498,Titiritero
45,17,27.52909144,81.02585867,Mago
37,20,26.65091543,41.38274653,Titiritero
45,36,26.63484266,20.41665592,Mago
25,9,21.16180139,4.234227877,Domador de leones
58,38,24.56797396,57.97261571,Domador de leones
56,22,14.29610296,45.29110703,Titiritero
18,2,20.03401549,94.87443951,Domador de leones
20,24,22.25816351,6.060490771,Presentador
30,8,14.62550471,68.53953434,Presentador
45,11,21.04956045,2.496622212,Domador de leones
42,13,28.43319593,17.14341767,Domador de leones
50,17,22.79384892,45.35789999,Contorsionista
55,8,24.58772603,45.48724428,Contorsionista
23,21,7.737965383,68.57005429,Mago
49,18,27.78984425,91.02130349,Titiritero
38,30,19.06938826,63.90321589,Malabarista
33,18,16.15656843,95.35350979,Malabarista
38,31,19.12681074,88.16156399,Domador de leones
28,38,12.57488921,58.44997955,Equilibrista
54,32,25.23971031,83.37919509,Domador de leones
53,11,18.32302139,64.25776103,Contorsionista
52,25,16.30684594,7.855783092,Mago
36,33,19.15972467,74.05647233,Domador de leones
37,38,25.59007827,9.490844127,Acrobata
35,8,20.657292,59.40827806,Equilibrista
58,11,12.95153115,70.26402059,Acrobata
31,22,22.32490415,6.652760821,Mago
32,24,15.35510023,23.07946539,Mago
48,17,9.219494843,91.56722323,Presentador
18,12,27.48003606,61.63144922,Trapecista
20,32,22.28614937,24.62860188,Acrobata
33,15,19.60864668,69.06797711,Presentador
40,16,18.27195243,59.677642,Contorsionista
28,22,26.9853975,50.15756999,Payaso
29,28,35.43577575,97.6186975,Equilibrista
27,20,22.24390259,68.34537774,Payaso
49,33,14.85182659,37.54411097,Titiritero
33,10,19.22767241,80.00734321,Contorsionista
25,32,22.15286336,88.45832929,Contorsionista
55,33,8.252358465,12.52205595,Payaso
29,2,21.67249601,20.05529778,Acrobata
41,33,22.18212565,21.62270091,Trapecista
45,33,26.63171099,69.12118094,Acrobata
25,13,26.11061651,60.30395551,Payaso
45,30,20.5558608,61.89915647,Titiritero
53,33,27.57318453,94.07732997,Acrobata
43,13,30.1783916,77.59115328,Malabarista
25,26,20.13975728,12.79369245,Acrobata
45,22,22.09093539,34.75070824,Mago
45,39,11.16351323,43.53936462,Presentador
54,2,12.74513369,39.59615887,Equilibrista
58,38,15.80901843,66.93086092,Acrobata
53,39,17.78190848,89.18931033,Trapecista
44,26,14.51938488,30.60514635,Trapecista
34,15,19.82002294,55.18771364,Acrobata
26,34,17.93145416,78.94094219,Domador de leones
50,11,25.35447616,41.62180588,Contorsionista
37,3,17.62613177,16.81181284,Acrobata
30,6,8.566410259,47.49509653,Contorsionista
45,9,20.62875586,5.522252074,Malabarista
46,6,19.92900988,94.2383454,Payaso
30,9,15.68975059,7.482120519,Malabarista
52,39,20.47499942,43.84567153,Acrobata
23,31,14.62367706,52.98812611,Trapecista
35,32,21.64919977,98.53038323,Domador de leones
22,12,33.16462218,16.60218236,Titiritero
42,8,10.97197264,11.44315186,Contorsionista
19,8,17.41878956,0.870614706,Presentador
27,28,16.61747439,15.55714369,Contorsionista
47,20,17.83370058,20.72729791,Mago
22,7,25.0996229,63.05809416,Equilibrista
50,11,22.7141328,21.97067904,Acrobata
18,20,24.24383251,2.052081473,Malabarista
35,16,20.15247752,82.66183455,Presentador
49,4,13.3895034,36.5595701,Trapecista
28,6,14.42657319,35.36966866,Trapecista
38,22,23.73129854,30.24790292,Trapecista
43,26,20.85415949,97.53732771,Titiritero
42,3,26.30103703,17.01154173,Mago
39,14,21.46631052,89.8238064,Trapecista
44,11,14.08492503,77.68033321,Trapecista
30,18,17.39049093,7.64799555,Acrobata
50,12,22.82407075,98.67291015,Mago
51,23,23.55166248,27.13659635,Domador de leones
58,12,24.27554316,9.858292702,Domador de leones
52,13,14.75737943,82.93142341,Mago
18,25,13.99484917,70.66755337,Equilibrista
38,19,19.0509874,61.72188059,Titiritero
23,36,27.20036758,15.59808637,Presentador
45,8,16.5306584,47.84961163,Contorsionista
34,29,22.27485945,78.05560269,Acrobata
22,32,22.27530569,30.36239381,Payaso
48,18,23.80386375,31.16898285,Domador de leones
22,6,28.32220127,0.314090605,Mago
55,18,27.80953212,17.42434016,Presentador
20,19,17.02697083,87.54056251,Mago
40,22,9.510522793,44.17464916,Contorsionista
54,37,16.60735332,98.42344992,Presentador
54,32,20.37836147,39.57079636,Domador de leones
27,3,18.19177361,71.51864548,Trapecista
27,28,29.83949471,28.19190429,Mago
36,10,20.09390152,36.38096411,Payaso
34,35,23.2685594,19.07259876,Domador de leones
38,29,21.08607155,34.70623685,Malabarista
31,15,18.26683408,54.72375204,Payaso
26,33,10.37594161,99.1772881,Equilibrista
18,7,19.60691181,66.42017131,Titiritero
30,12,36.27323647,19.92459544,Domador de leones
21,30,13.777708,4.496144159,Trapecista
18,21,10.92563478,12.63564813,Domador de leones
57,31,29.68194651,56.25552013,Contorsionista
49,24,23.71041485,76.51603288,Presentador
51,20,20.9370994,94.04192073,Mago
45,37,26.81336931,1.5823172,Presentador
48,4,15.84249029,52.27601416,Presentador
25,28,19.4670262,47.08673562,Domador de leones
56,20,24.77577058,65.6055022,Contorsionista
43,24,30.55177184,55.95788545,Mago
51,32,14.15727843,68.70391506,Mago
20,36,26.40367229,65.80825847,Presentador
29,34,21.9091953,11.70117249,Equilibrista
18,36,20.81530534,79.97179136,Titiritero
22,2,19.96135389,12.32325757,Contorsionista
47,15,13.0767669,69.85306252,Equilibrista
47,34,24.81544499,41.61453676,Acrobata
34,36,16.0886549,51.38507346,Acrobata
40,6,14.60154649,90.32980144,Payaso
32,39,24.42729479,88.98837265,Presentador
54,12,23.94567013,81.78563057,Mago
38,3,20.39500042,51.01483805,Domador de leones
31,18,25.3977181,73.62398101,Mago
19,21,27.12968291,51.28970555,Mago
28,15,26.54112039,86.96060825,Trapecista
56,33,17.35860513,40.27758332,Mago
55,35,25.07052466,97.02353444,Payaso
51,26,21.05820489,93.23227582,Equilibrista
55,8,28.62953885,74.16026195,Acrobata
51,36,19.38135832,27.94158842,Mago
35,30,18.21764181,13.16535888,Mago
47,23,16.93101562,85.47034501,Trapecista
32,14,20.94643947,16.53022861,Contorsionista
44,14,22.33362734,85.4260789,Domador de leones
51,2,22.42981141,49.07650067,Contorsionista
55,37,21.7458627,40.65567838,Domador de leones
50,5,23.35518506,90.31907788,Titiritero
41,38,18.88729082,60.38509825,Mago
32,14,15.63742342,57.66140071,Trapecista
47,39,15.20086002,55.87659446,Malabarista
59,25,24.87525548,37.1169516,Presentador
34,20,22.35161155,78.56431035,Acrobata
22,2,10.72081115,25.2798444,Equilibrista
46,39,25.48376713,93.889496,Acrobata
21,6,29.40217573,89.3985205,Equilibrista
27,17,16.42041575,33.74803257,Titiritero
34,25,21.68080023,72.94637698,Contorsionista
27,28,17.63270953,57.32231944,Payaso
34,2,23.14153463,33.7649302,Mago
37,35,14.16995555,98.8521648,Malabarista
41,37,19.64277171,2.523734585,Equilibrista
22,5,24.90657064,25.26460306,Presentador
51,1,26.1785587,52.00740611,Equilibrista
23,12,22.13247909,52.19530035,Payaso
19,36,18.30477348,58.89330749,Acrobata
30,23,12.03699458,75.1676172,Trapecista
28,31,16.21225144,62.34778305,Acrobata
40,11,17.65363298,60.02814605,Titiritero
33,10,16.51133108,5.351446291,Trapecista
48,3,20.29776484,37.65302878,Acrobata
28,14,18.29056132,23.20557397,Presentador
33,16,20.86060686,26.53701116,Acrobata
25,10,26.01313651,55.43374743,Presentador
21,29,17.96768889,19.95053149,Presentador
57,10,13.08566511,29.3949101,Trapecista
21,12,16.49146201,23.70847085,Contorsionista
42,30,22.91794235,94.85029432,Domador de leones
20,1,23.38971892,94.46657322,Mago
49,5,22.03042599,60.99415586,Equilibrista
20,20,26.50368653,92.45224687,Domador de leones
44,8,19.06818465,78.58126455,Payaso
46,12,30.26083074,58.99478828,Contorsionista
49,1,24.09093568,0.64352115,Domador de leones
36,20,7.382562649,77.25162861,Trapecista
38,28,29.00329315,70.24883416,Payaso
22,37,16.16506695,61.52536533,Malabarista
35,37,14.82949405,76.04243117,Contorsionista
45,12,22.61885555,51.29221648,Domador de leones
59,37,11.30909764,70.40832713,Payaso
39,28,16.52265384,93.51720867,Malabarista
38,15,27.7854927,37.58050158,Acrobata
23,6,22.78108789,70.81218349,Payaso
18,20,24.0611989,47.5687818,Trapecista
22,14,16.715447,67.43996518,Acrobata
58,2,12.30815001,76.28933356,Trapecista
29,9,23.53408715,4.545250044,Domador de leones
43,37,24.65128078,64.66004439,Mago
51,20,24.42496693,22.67411844,Domador de leones
31,26,21.04534615,67.00325378,Acrobata
43,29,15.16465878,46.83301859,Presentador
44,1,32.18884794,77.35527419,Domador de leones
26,35,22.39893721,12.34008152,Acrobata
43,6,19.13056679,62.63223517,Payaso
39,37,19.15275381,27.84707289,Titiritero
47,5,20.74798739,85.29819953,Domador de leones
34,33,25.34804131,92.83835056,Payaso
43,14,20.94814062,99.63982937,Trapecista
53,12,24.29256577,79.60074024,Contorsionista
18,20,20.75698844,75.37340704,Mago
25,24,19.43823054,21.55007589,Trapecista
52,34,23.20625197,33.6007059,Trapecista
32,25,23.01643017,46.56825418,Acrobata
39,29,19.1518294,77.33810478,Presentador
31,39,16.25396521,91.49658651,Equilibrista
43,31,21.70864457,18.91391,Titiritero
45,23,20.39174334,92.23674847,Presentador
40,38,17.22564144,69.56246524,Acrobata
31,20,15.78799759,61.07707307,Mago
41,23,22.05237922,19.98412713,Titiritero
19,16,22.75047529,5.552503281,Titiritero
43,8,18.19983943,56.84648985,Acrobata
31,21,17.10031482,65.15156833,Malabarista
24,1,15.84872405,21.07814494,Trapecista
20,8,21.9112747,55.64562058,Contorsionista
40,29,15.98011463,85.64934028,Malabarista
35,32,31.20567285,83.50659455,Acrobata
55,38,17.94859282,92.73551806,Malabarista
52,5,7.873928611,36.58858096,Contorsionista
32,22,19.84914167,31.80495726,Acrobata
42,34,19.6348326,74.9426006,Acrobata
54,1,25.55859284,43.11124051,Titiritero
45,26,21.44063118,8.754866403,Malabarista
27,10,15.83082408,28.28011307,Payaso
56,30,18.56804063,41.85822855,Domador de leones
34,18,21.63709886,29.25164255,Acrobata
56,17,9.176428748,33.22055709,Malabarista
39,26,26.69310867,29.37759062,Equilibrista
43,8,15.84415057,4.149916718,Mago
42,12,27.0852191,63.70947008,Equilibrista
34,27,21.96232571,59.72924204,Malabarista
30,8,23.14797068,65.33834985,Trapecista
37,25,25.74711718,19.2309896,Trapecista
42,4,22.86566026,29.56545416,Malabarista
21,33,23.36443108,61.96159269,Titiritero
27,1,19.1779178,59.96275685,Titiritero
20,19,21.86084341,50.63303094,Acrobata
58,31,17.06251093,35.041325,Contorsionista
35,16,18.2829445,91.29310048,Domador de leones
53,14,29.82347524,33.97702423,Acrobata
39,5,15.95903207,45.56191564,Equilibrista
51,26,20.77158563,67.8113831,Domador de leones
25,28,20.56734518,54.30214309,Equilibrista
57,2,18.44622764,34.68859764,Titiritero
36,6,22.57200468,43.56447905,Malabarista
59,9,22.94861046,79.44808179,Contorsionista
58,33,15.37090408,27.81291555,Equilibrista
54,25,20.50678356,14.22552398,Titiritero
23,13,14.58816331,31.31632018,Contorsionista
43,9,23.94274309,84.95342155,Acrobata
51,13,20.88243655,8.898971486,Malabarista
23,31,20.41164943,99.16960734,Mago
54,11,23.29515674,54.10028989,Trapecista
50,4,18.62244855,98.4845744,Presentador
39,34,24.5701098,93.89964221,Contorsionista
38,38,15.25777564,45.28137142,Mago
23,4,27.05938259,19.84910746,Mago
23,38,17.24544409,16.48847766,Contorsionista
21,19,11.51910466,23.99893639,Mago
47,6,18.35732546,71.01326406,Equilibrista
28,34,17.79015901,27.29499947,Mago
47,18,18.31963007,34.14252696,Titiritero
48,13,21.15824008,44.8778804,Domador de leones
41,23,25.4892118,91.32326804,Equilibrista
26,19,19.04147043,18.93934179,Mago
20,11,16.54191215,0.502655261,Acrobata
48,1,14.36726594,6.009641038,Trapecista
57,24,17.65908604,90.47663417,Malabarista
54,7,10.5608758,64.75164648,Mago
53,25,16.37433453,27.30406193,Payaso
41,21,26.22026948,17.7192501,Trapecista
48,15,15.88320398,29.42667366,Acrobata
23,1,23.1435793,11.47969273,Titiritero
19,12,13.86758955,94.15329103,Mago
37,7,28.8554795,78.42061744,Titiritero
45,15,29.18803367,46.23911769,Mago
28,21,22.95510778,86.49626051,Presentador
21,19,29.95626301,24.94582043,Domador de leones
32,29,21.77896487,71.71205685,Titiritero
23,25,23.84258557,85.6132499,Domador de leones
47,33,26.30966938,35.67687116,Trapecista
55,32,20.89859227,75.74644455,Presentador
19,35,12.23811269,29.50723493,Malabarista
32,38,23.94481678,29.88571353,Equilibrista
28,26,17.64070203,10.70571786,Domador de leones
25,11,18.0123509,44.00580465,Presentador
43,35,21.48947458,72.97119065,Domador de leones
22,8,22.8314044,94.02208056,Contorsionista
23,14,20.75067317,60.37969919,Acrobata
43,10,23.17864768,86.31355377,Malabarista
21,2,16.46571433,82.24946493,Acrobata
36,9,19.78648103,17.3343053,Mago
37,3,24.24542725,48.58174289,Domador de leones
50,21,28.86395588,11.69235355,Mago
37,26,30.63217794,68.21531616,Payaso
29,8,22.16488341,94.98996682,Domador de leones
18,2,24.20004913,13.70894581,Presentador
43,6,29.90789582,73.38831308,Malabarista
31,28,16.64581982,63.22381509,Mago
55,29,23.14849926,58.3605037,Domador de leones
54,26,23.84171475,39.01202347,Payaso
28,25,27.23930718,35.51316478,Acrobata
53,12,14.3142931,4.524918902,Presentador
30,5,15.30297108,21.79087083,Contorsionista
20,34,20.10691106,1.517688229,Domador de leones
50,37,21.88863831,58.14171056,Contorsionista
23,15,25.61431977,10.58532359,Trapecista
27,36,22.58771888,87.3019394,Malabarista
22,15,19.24293385,52.31430207,Domador de leones
40,23,22.08230722,69.96899091,Titiritero
27,6,21.50522238,41.08570918,Payaso
19,21,28.72508215,56.0579809,Mago
30,23,20.82829472,94.2659177,Titiritero
57,16,18.08458293,8.273403962,Trapecista
19,15,22.24804515,25.39377719,Malabarista
37,25,20.9924266,77.99883269,Acrobata
18,36,12.14503322,9.873720688,Presentador
54,11,19.92173969,7.56611039,Contorsionista
26,15,19.49630877,36.15413988,Trapecista
34,4,17.28064067,9.216795847,Mago
26,21,25.17791644,58.50784422,Presentador
28,13,16.07160202,22.62752508,Acrobata
32,22,22.2780931,89.56979632,Mago
41,19,19.260715,78.35000808,Payaso
55,34,20.53847503,69.97052061,Contorsionista
52,14,22.05893146,61.69440274,Titiritero
47,4,13.46212808,86.34657303,Domador de leones
48,27,20.95830446,22.30620615,Trapecista
22,29,31.44473745,87.31088428,Domador de leones
31,28,12.21618327,78.94922984,Presentador
28,35,19.71196018,74.81608264,Domador de leones
26,8,25.61619662,56.12556781,Titiritero
51,16,21.50809624,24.6244161,Equilibrista
29,36,23.43983476,42.3547916,Presentador
52,30,8.121669945,79.35706545,Contorsionista
52,18,22.99124687,3.177848436,Mago
18,2,16.19155897,78.20507693,Contorsionista
57,13,21.54938642,24.00707405,Domador de leones
39,4,19.85282635,14.43092007,Malabarista
46,26,31.39166515,11.57013182,Presentador
25,25,22.73347662,2.725001195,Mago
28,30,19.43688085,52.35864852,Acrobata
58,11,12.4515362,21.82598727,Payaso
54,7,20.60573451,98.94317658,Contorsionista
31,31,24.11614439,57.44367559,Contorsionista
47,10,19.59724054,13.78852694,Presentador
52,39,17.4717182,68.87625408,Malabarista
38,13,17.13706668,89.77435665,Domador de leones
54,31,22.67570718,74.51794954,Domador de leones
22,7,23.7969397,7.643986104,Presentador
36,36,26.80605058,89.58841812,Contorsionista
31,20,15.02500053,79.39293859,Mago
43,4,22.62988779,15.83039001,Payaso
21,7,19.39148023,5.178588873,Presentador
42,1,19.53882898,55.73105753,Mago
59,13,22.00912927,15.60358113,Mago
42,22,22.03828127,83.45909526,Acrobata
35,21,22.64384053,35.83346567,Titiritero
57,22,14.71264404,91.28924447,Equilibrista
25,28,16.25094296,56.56881721,Payaso
56,9,27.42934138,18.26723842,Trapecista
57,26,18.89713766,13.95988674,Malabarista
31,9,21.53007199,57.64724376,Equilibrista
49,15,25.27333156,76.18836119,Acrobata
55,10,22.31721536,78.15056477,Payaso
50,24,22.73261315,27.57574044,Domador de leones
40,8,24.4728884,20.42467589,Equilibrista
32,24,9.416681196,1.675630449,Domador de leones
50,16,17.55024922,67.91991512,Malabarista
42,26,22.34302898,7.656825843,Domador de leones
34,27,26.93822154,42.07612018,Malabarista
50,37,20.3304778,60.1682164,Payaso
19,4,15.77641769,93.71089449,Contorsionista
31,24,15.90956975,31.1802137,Malabarista
57,19,24.41930602,24.97721624,Mago
57,36,18.91113209,65.41601543,Trapecista
56,39,19.96399977,61.92390321,Trapecista
23,10,23.07515097,33.21097833,Presentador
23,25,5.492381587,92.81018355,Trapecista
20,18,30.00183756,84.48623275,Presentador
24,19,16.34463082,22.39825459,Trapecista
25,36,21.20968185,23.91425454,Malabarista
59,10,11.47651493,51.23003469,Mago
32,33,17.88729445,77.35721017,Contorsionista
46,5,26.22344023,4.404037939,Domador de leones
50,35,10.4191641,69.33351537,Acrobata
47,34,25.63100044,64.82358974,Trapecista
56,33,18.63151952,23.14800959,Contorsionista
44,21,22.4358222,68.13530132,Contorsionista
53,17,23.28762207,94.01831913,Malabarista
46,22,22.2071075,4.678584497,Payaso
55,37,15.67524674,31.96520553,Payaso
50,15,18.17725427,43.81767167,Trapecista
54,35,12.69221911,89.92603589,Acrobata
44,28,22.45898166,96.22614466,Trapecista
50,7,28.51027577,44.41152465,Trapecista
21,32,10.87779557,75.00284121,Presentador
39,11,16.19177047,53.16610238,Mago
19,10,19.09112362,53.77829347,Mago
27,9,20.86670712,27.80995151,Acrobata
22,14,24.39588151,21.69562459,Presentador
27,13,19.2390001,28.80053459,Contorsionista
50,25,18.42020637,55.63280073,Presentador
55,2,25.51565353,2.915518602,Trapecista
30,35,23.30997784,90.72489444,Payaso
48,7,22.69488988,15.62837095,Equilibrista
53,21,20.56257856,22.00886769,Acrobata
41,18,24.91576105,51.82761764,Contorsionista
32,3,16.71845304,71.01147663,Malabarista
46,39,16.03652859,9.572905474,Equilibrista
25,11,23.73050493,31.76946975,Equilibrista
22,39,11.87482015,96.86746056,Presentador
